,Participant_id,Trial,Valence,Arousal,Dominance,Liking
0,1,1,1,0,1,1
1,1,2,1,1,1,1
2,1,3,0,1,1,1
3,1,4,1,1,1,1
4,1,5,1,1,1,1
5,1,6,0,1,0,1
6,1,7,1,1,1,1
7,1,8,0,1,1,1
8,1,9,0,0,0,1
9,1,10,0,0,0,1
10,1,11,1,0,1,1
11,1,12,0,0,0,1
12,1,13,0,1,1,1
13,1,14,1,0,1,1
14,1,15,0,1,0,1
15,1,16,0,1,1,1
16,1,17,0,1,1,0
17,1,18,0,1,1,1
18,1,19,0,0,0,1
19,1,20,1,1,1,1
20,1,21,0,0,0,1
21,1,22,0,0,0,1
22,1,23,0,0,0,1
23,1,24,1,1,1,1
24,1,25,1,0,1,1
25,1,26,0,1,0,0
26,1,27,0,0,0,1
27,1,28,1,1,1,1
28,1,29,1,1,1,1
29,1,30,0,0,0,1
30,1,31,1,0,1,1
31,1,32,1,1,1,1
32,1,33,0,1,1,1
33,1,34,0,1,0,1
34,1,35,1,1,1,1
35,1,36,1,1,1,1
36,1,37,1,1,1,1
37,1,38,1,0,1,1
38,1,39,0,0,0,1
39,1,40,1,1,1,1
40,2,1,0,1,0,1
41,2,2,1,0,1,1
42,2,3,0,0,0,0
43,2,4,0,1,0,1
44,2,5,0,1,0,0
45,2,6,0,1,0,0
46,2,7,0,1,0,1
47,2,8,0,1,0,0
48,2,9,1,1,1,1
49,2,10,0,1,1,1
50,2,11,1,1,1,1
51,2,12,1,1,1,1
52,2,13,0,0,1,1
53,2,14,0,1,0,0
54,2,15,0,0,0,0
55,2,16,0,0,1,0
56,2,17,1,1,1,1
57,2,18,1,1,1,1
58,2,19,1,1,1,1
59,2,20,1,1,1,1
60,2,21,1,0,1,1
61,2,22,1,0,1,1
62,2,23,1,1,1,1
63,2,24,1,1,1,1
64,2,25,0,0,0,1
65,2,26,1,0,1,1
66,2,27,1,1,1,1
67,2,28,0,0,0,0
68,2,29,1,1,1,1
69,2,30,1,1,1,1
70,2,31,0,0,1,0
71,2,32,0,0,0,0
72,2,33,1,0,0,1
73,2,34,1,1,1,1
74,2,35,1,1,1,1
75,2,36,1,0,1,0
76,2,37,1,1,1,1
77,2,38,0,0,1,0
78,2,39,0,0,1,0
79,2,40,1,1,1,1
80,3,1,1,0,0,1
81,3,2,1,0,0,1
82,3,3,0,0,0,1
83,3,4,0,0,0,1
84,3,5,1,0,1,1
85,3,6,1,0,1,1
86,3,7,1,0,0,0
87,3,8,0,0,0,1
88,3,9,0,0,0,1
89,3,10,0,0,0,0
90,3,11,1,0,1,1
91,3,12,1,0,1,1
92,3,13,0,1,0,1
93,3,14,0,1,1,1
94,3,15,0,1,1,0
95,3,16,1,0,0,1
96,3,17,1,0,1,1
97,3,18,1,0,0,1
98,3,19,1,1,0,0
99,3,20,1,0,0,1
100,3,21,0,0,0,1
101,3,22,1,0,0,1
102,3,23,0,0,0,0
103,3,24,1,0,0,1
104,3,25,0,1,1,0
105,3,26,1,0,1,1
106,3,27,1,0,0,1
107,3,28,0,1,1,1
108,3,29,1,0,1,1
109,3,30,0,1,1,1
110,3,31,0,0,0,1
111,3,32,1,0,1,1
112,3,33,0,1,1,1
113,3,34,1,0,0,1
114,3,35,0,0,1,0
115,3,36,1,0,1,1
116,3,37,0,0,0,1
117,3,38,1,0,0,1
118,3,39,0,0,0,1
119,3,40,1,0,1,1
120,4,1,1,1,1,1
121,4,2,0,0,0,1
122,4,3,1,1,1,1
123,4,4,1,1,1,1
124,4,5,0,0,0,0
125,4,6,0,0,0,0
126,4,7,1,0,1,1
127,4,8,1,0,0,1
128,4,9,0,0,0,0
129,4,10,1,1,1,1
130,4,11,0,0,0,1
131,4,12,1,0,0,0
132,4,13,0,0,0,0
133,4,14,1,1,1,1
134,4,15,1,1,1,1
135,4,16,1,1,1,1
136,4,17,0,0,0,0
137,4,18,1,1,1,1
138,4,19,1,1,0,1
139,4,20,0,0,0,0
140,4,21,0,0,0,0
141,4,22,0,0,0,0
142,4,23,0,0,0,0
143,4,24,0,0,0,0
144,4,25,0,1,0,1
145,4,26,1,1,0,1
146,4,27,0,0,0,1
147,4,28,1,1,1,1
148,4,29,0,1,0,1
149,4,30,0,0,0,0
150,4,31,0,0,0,0
151,4,32,0,0,1,1
152,4,33,1,1,1,1
153,4,34,1,0,0,1
154,4,35,0,1,0,0
155,4,36,0,0,0,0
156,4,37,0,0,0,0
157,4,38,0,0,0,0
158,4,39,0,0,0,0
159,4,40,0,1,0,0
160,5,1,1,1,1,0
161,5,2,1,0,0,1
162,5,3,0,1,1,0
163,5,4,1,0,0,1
164,5,5,1,0,0,1
165,5,6,1,0,0,1
166,5,7,1,1,1,1
167,5,8,1,1,1,1
168,5,9,0,0,0,0
169,5,10,1,1,1,0
170,5,11,1,0,0,1
171,5,12,0,0,1,0
172,5,13,1,0,0,1
173,5,14,1,0,0,1
174,5,15,1,0,0,1
175,5,16,0,0,1,0
176,5,17,1,1,1,0
177,5,18,0,0,0,0
178,5,19,0,1,0,1
179,5,20,1,1,1,1
180,5,21,0,1,1,0
181,5,22,1,1,1,1
182,5,23,0,0,0,0
183,5,24,0,1,1,1
184,5,25,0,0,0,1
185,5,26,1,1,1,0
186,5,27,1,0,0,1
187,5,28,1,0,0,1
188,5,29,1,1,0,1
189,5,30,0,0,1,0
190,5,31,1,1,0,1
191,5,32,0,0,0,1
192,5,33,0,1,1,0
193,5,34,0,0,0,1
194,5,35,1,1,0,1
195,5,36,1,0,0,0
196,5,37,1,1,0,1
197,5,38,1,1,0,1
198,5,39,0,0,1,0
199,5,40,0,1,1,0
200,6,1,0,0,0,1
201,6,2,1,1,1,1
202,6,3,0,1,0,1
203,6,4,1,0,1,0
204,6,5,1,0,1,1
205,6,6,0,0,1,0
206,6,7,1,1,1,1
207,6,8,1,1,1,1
208,6,9,1,0,0,0
209,6,10,1,0,0,0
210,6,11,1,0,0,1
211,6,12,1,1,1,1
212,6,13,0,1,0,0
213,6,14,1,1,0,1
214,6,15,1,0,0,1
215,6,16,1,0,1,1
216,6,17,1,1,1,1
217,6,18,0,0,1,0
218,6,19,1,0,1,0
219,6,20,0,0,0,0
220,6,21,1,1,1,1
221,6,22,1,0,1,1
222,6,23,1,1,1,1
223,6,24,1,0,1,0
224,6,25,1,0,1,1
225,6,26,1,1,1,1
226,6,27,0,0,1,1
227,6,28,0,0,0,0
228,6,29,1,1,1,1
229,6,30,1,1,1,1
230,6,31,1,1,0,1
231,6,32,1,1,1,1
232,6,33,1,0,0,1
233,6,34,1,0,0,1
234,6,35,0,1,0,1
235,6,36,1,0,1,0
236,6,37,1,0,1,1
237,6,38,1,0,0,1
238,6,39,1,0,1,1
239,6,40,0,1,0,0
240,7,1,1,0,0,1
241,7,2,1,0,0,1
242,7,3,0,1,1,0
243,7,4,1,0,0,1
244,7,5,1,0,0,1
245,7,6,1,1,0,0
246,7,7,0,0,0,1
247,7,8,0,1,1,0
248,7,9,0,1,1,1
249,7,10,1,1,0,1
250,7,11,1,1,1,1
251,7,12,0,0,0,1
252,7,13,1,0,1,1
253,7,14,1,1,1,1
254,7,15,1,1,1,1
255,7,16,0,0,0,1
256,7,17,1,0,1,1
257,7,18,1,0,0,1
258,7,19,1,1,0,1
259,7,20,1,1,1,1
260,7,21,1,1,1,1
261,7,22,1,1,1,1
262,7,23,1,1,0,1
263,7,24,1,1,1,1
264,7,25,1,1,1,1
265,7,26,0,1,1,1
266,7,27,1,1,1,1
267,7,28,1,0,0,1
268,7,29,0,0,1,1
269,7,30,1,1,1,1
270,7,31,0,1,1,1
271,7,32,1,0,0,1
272,7,33,1,1,0,1
273,7,34,1,1,1,1
274,7,35,1,1,0,1
275,7,36,0,1,0,1
276,7,37,1,0,0,1
277,7,38,1,1,1,1
278,7,39,0,0,0,1
279,7,40,0,1,0,1
280,8,1,0,1,0,1
281,8,2,1,1,1,1
282,8,3,1,1,1,1
283,8,4,1,1,1,1
284,8,5,0,0,0,1
285,8,6,1,0,1,1
286,8,7,1,1,1,0
287,8,8,0,0,0,1
288,8,9,1,1,0,1
289,8,10,1,1,1,1
290,8,11,1,0,1,1
291,8,12,0,1,0,1
292,8,13,1,0,1,1
293,8,14,1,1,0,1
294,8,15,1,0,1,1
295,8,16,0,0,0,1
296,8,17,0,1,0,0
297,8,18,0,1,1,1
298,8,19,0,1,0,0
299,8,20,0,0,0,1
300,8,21,0,0,1,1
301,8,22,1,1,1,1
302,8,23,0,1,1,1
303,8,24,0,1,1,1
304,8,25,1,1,1,1
305,8,26,1,0,1,1
306,8,27,0,1,1,1
307,8,28,1,1,1,1
308,8,29,0,0,1,1
309,8,30,1,0,0,0
310,8,31,1,1,1,1
311,8,32,0,0,1,1
312,8,33,1,0,0,0
313,8,34,0,0,1,0
314,8,35,1,1,0,1
315,8,36,0,1,0,1
316,8,37,1,1,1,1
317,8,38,1,0,1,1
318,8,39,0,0,0,1
319,8,40,1,1,1,1
320,9,1,1,0,0,0
321,9,2,1,0,0,1
322,9,3,1,1,0,1
323,9,4,0,0,0,0
324,9,5,1,1,1,1
325,9,6,0,1,0,1
326,9,7,1,1,1,1
327,9,8,0,1,1,0
328,9,9,0,0,0,1
329,9,10,0,1,0,1
330,9,11,0,0,0,0
331,9,12,0,1,0,1
332,9,13,1,1,0,0
333,9,14,1,1,1,1
334,9,15,1,1,1,1
335,9,16,1,0,0,1
336,9,17,1,0,1,1
337,9,18,1,1,1,1
338,9,19,0,0,0,1
339,9,20,1,1,1,1
340,9,21,1,1,0,1
341,9,22,1,1,0,1
342,9,23,0,0,0,0
343,9,24,0,0,0,1
344,9,25,0,1,0,1
345,9,26,0,1,0,1
346,9,27,1,1,1,1
347,9,28,1,1,1,1
348,9,29,0,0,0,1
349,9,30,0,0,0,0
350,9,31,0,0,0,0
351,9,32,1,1,0,1
352,9,33,0,1,1,1
353,9,34,0,1,0,1
354,9,35,1,1,1,1
355,9,36,1,1,0,1
356,9,37,0,1,0,0
357,9,38,1,0,1,1
358,9,39,0,0,0,1
359,9,40,0,0,0,0
360,10,1,1,1,1,1
361,10,2,1,0,1,0
362,10,3,1,0,1,1
363,10,4,1,1,1,1
364,10,5,0,1,0,0
365,10,6,1,0,1,1
366,10,7,1,1,0,1
367,10,8,1,0,0,1
368,10,9,1,1,1,1
369,10,10,1,0,0,1
370,10,11,0,0,0,0
371,10,12,0,1,0,0
372,10,13,0,1,1,1
373,10,14,0,0,1,1
374,10,15,0,1,1,0
375,10,16,0,1,1,0
376,10,17,1,0,1,1
377,10,18,1,1,1,1
378,10,19,0,0,0,1
379,10,20,0,1,1,0
380,10,21,0,0,0,1
381,10,22,0,1,0,1
382,10,23,0,0,1,1
383,10,24,0,0,0,1
384,10,25,1,0,0,1
385,10,26,1,0,0,1
386,10,27,1,1,1,1
387,10,28,1,1,1,1
388,10,29,0,0,0,0
389,10,30,1,0,1,1
390,10,31,0,0,0,1
391,10,32,0,0,1,1
392,10,33,0,1,1,0
393,10,34,1,1,1,1
394,10,35,1,1,1,1
395,10,36,1,1,1,1
396,10,37,1,1,1,1
397,10,38,0,1,0,1
398,10,39,0,1,0,0
399,10,40,0,1,0,0
400,11,1,0,1,0,0
401,11,2,0,1,0,0
402,11,3,1,1,1,1
403,11,4,0,0,0,0
404,11,5,0,0,0,0
405,11,6,0,0,0,0
406,11,7,0,1,0,0
407,11,8,0,1,0,0
408,11,9,1,1,1,0
409,11,10,1,0,1,1
410,11,11,1,0,1,1
411,11,12,1,0,1,1
412,11,13,1,0,1,0
413,11,14,0,0,1,0
414,11,15,1,0,1,0
415,11,16,1,1,1,0
416,11,17,1,1,1,1
417,11,18,0,1,1,0
418,11,19,1,1,1,1
419,11,20,1,0,1,1
420,11,21,1,0,1,1
421,11,22,1,1,1,1
422,11,23,0,1,0,0
423,11,24,1,0,1,1
424,11,25,1,0,1,0
425,11,26,1,0,1,1
426,11,27,1,0,1,1
427,11,28,0,0,0,1
428,11,29,1,0,1,0
429,11,30,0,0,1,1
430,11,31,0,0,0,1
431,11,32,1,0,1,1
432,11,33,1,1,1,1
433,11,34,0,0,0,0
434,11,35,0,0,0,0
435,11,36,1,1,1,1
436,11,37,0,0,0,1
437,11,38,1,1,1,1
438,11,39,1,0,1,0
439,11,40,1,0,1,1
440,12,1,0,1,0,0
441,12,2,1,1,0,1
442,12,3,0,1,0,0
443,12,4,1,1,1,1
444,12,5,0,1,0,0
445,12,6,1,1,1,1
446,12,7,0,0,0,1
447,12,8,0,1,0,0
448,12,9,0,1,1,1
449,12,10,0,1,0,0
450,12,11,1,1,1,1
451,12,12,1,1,1,1
452,12,13,1,1,1,1
453,12,14,0,1,0,0
454,12,15,0,0,1,0
455,12,16,0,0,0,1
456,12,17,1,1,1,1
457,12,18,0,1,0,0
458,12,19,0,1,0,0
459,12,20,0,0,0,0
460,12,21,1,1,1,1
461,12,22,1,1,1,1
462,12,23,1,1,1,1
463,12,24,1,1,1,1
464,12,25,1,1,1,1
465,12,26,1,0,0,1
466,12,27,1,1,1,1
467,12,28,1,1,0,0
468,12,29,1,1,1,1
469,12,30,1,1,1,1
470,12,31,1,1,1,1
471,12,32,0,1,0,0
472,12,33,0,1,0,0
473,12,34,1,1,1,1
474,12,35,0,1,0,1
475,12,36,1,1,1,1
476,12,37,0,0,0,0
477,12,38,1,0,0,1
478,12,39,0,1,0,0
479,12,40,0,1,0,0
480,13,1,0,1,0,0
481,13,2,1,1,1,1
482,13,3,1,0,1,1
483,13,4,1,1,0,1
484,13,5,0,1,0,1
485,13,6,0,0,1,0
486,13,7,1,1,0,1
487,13,8,0,1,1,0
488,13,9,1,1,0,1
489,13,10,0,1,1,0
490,13,11,0,1,1,0
491,13,12,0,1,1,0
492,13,13,0,1,0,0
493,13,14,0,1,0,0
494,13,15,0,0,0,1
495,13,16,1,1,1,1
496,13,17,0,1,1,0
497,13,18,1,1,0,1
498,13,19,0,1,0,0
499,13,20,0,1,1,1
500,13,21,0,0,0,0
501,13,22,0,0,0,1
502,13,23,1,0,1,1
503,13,24,0,1,1,1
504,13,25,1,1,0,1
505,13,26,0,1,0,0
506,13,27,1,1,1,1
507,13,28,0,1,1,0
508,13,29,1,1,0,1
509,13,30,1,1,1,1
510,13,31,1,1,1,1
511,13,32,0,1,1,1
512,13,33,0,1,0,0
513,13,34,1,1,1,1
514,13,35,1,1,1,1
515,13,36,1,1,0,1
516,13,37,1,1,1,1
517,13,38,0,1,0,1
518,13,39,0,1,0,1
519,13,40,0,1,1,1
520,14,1,0,1,1,1
521,14,2,0,1,1,0
522,14,3,0,0,0,1
523,14,4,0,1,0,1
524,14,5,1,1,1,1
525,14,6,1,0,0,1
526,14,7,1,0,1,1
527,14,8,1,1,1,1
528,14,9,1,0,1,1
529,14,10,0,0,0,1
530,14,11,1,1,0,1
531,14,12,1,1,0,0
532,14,13,0,1,1,0
533,14,14,1,1,1,1
534,14,15,1,1,1,1
535,14,16,1,1,1,0
536,14,17,0,1,1,0
537,14,18,1,1,1,1
538,14,19,0,1,0,1
539,14,20,0,1,0,0
540,14,21,0,1,0,1
541,14,22,1,1,1,1
542,14,23,1,1,1,1
543,14,24,1,1,1,1
544,14,25,0,1,0,0
545,14,26,0,1,0,0
546,14,27,1,0,1,1
547,14,28,1,0,1,1
548,14,29,0,0,0,1
549,14,30,0,1,0,0
550,14,31,0,1,1,1
551,14,32,1,0,1,1
552,14,33,1,0,1,1
553,14,34,0,0,0,0
554,14,35,0,1,0,0
555,14,36,0,1,0,0
556,14,37,0,0,0,1
557,14,38,0,1,0,1
558,14,39,1,0,0,1
559,14,40,1,1,1,1
560,15,1,0,1,0,1
561,15,2,0,0,0,1
562,15,3,1,1,1,1
563,15,4,0,1,0,0
564,15,5,0,1,0,0
565,15,6,1,1,1,1
566,15,7,0,0,0,0
567,15,8,1,0,1,1
568,15,9,0,1,0,1
569,15,10,0,0,0,1
570,15,11,0,0,0,0
571,15,12,1,0,1,1
572,15,13,1,0,1,1
573,15,14,1,0,1,1
574,15,15,1,0,1,1
575,15,16,0,0,0,1
576,15,17,1,1,1,1
577,15,18,0,0,0,0
578,15,19,0,1,1,1
579,15,20,1,0,1,1
580,15,21,0,0,0,0
581,15,22,1,1,1,1
582,15,23,0,1,0,0
583,15,24,0,1,0,0
584,15,25,1,1,1,0
585,15,26,0,1,0,1
586,15,27,1,1,1,1
587,15,28,1,0,1,1
588,15,29,0,0,0,0
589,15,30,1,0,1,1
590,15,31,1,0,1,1
591,15,32,0,1,0,1
592,15,33,0,0,0,0
593,15,34,1,0,1,1
594,15,35,1,1,1,1
595,15,36,1,0,1,1
596,15,37,1,1,1,1
597,15,38,1,0,1,1
598,15,39,0,1,0,0
599,15,40,0,1,0,0
600,16,1,0,1,0,1
601,16,2,1,1,0,0
602,16,3,1,1,1,1
603,16,4,0,0,1,0
604,16,5,1,1,1,1
605,16,6,0,0,0,0
606,16,7,0,0,1,0
607,16,8,0,0,0,0
608,16,9,0,1,1,0
609,16,10,1,1,0,1
610,16,11,1,1,1,1
611,16,12,1,1,1,1
612,16,13,0,1,0,1
613,16,14,0,0,0,1
614,16,15,0,0,0,0
615,16,16,1,0,1,0
616,16,17,1,1,1,1
617,16,18,0,1,1,1
618,16,19,0,1,0,1
619,16,20,0,1,0,0
620,16,21,0,0,0,0
621,16,22,0,1,0,1
622,16,23,1,0,1,1
623,16,24,0,0,1,0
624,16,25,0,0,0,0
625,16,26,1,1,1,1
626,16,27,1,1,1,1
627,16,28,0,1,0,1
628,16,29,0,0,1,0
629,16,30,0,1,0,0
630,16,31,1,0,1,0
631,16,32,1,0,0,1
632,16,33,0,0,0,0
633,16,34,1,0,1,1
634,16,35,0,0,0,0
635,16,36,0,0,0,1
636,16,37,1,0,0,1
637,16,38,0,0,0,0
638,16,39,0,1,1,1
639,16,40,0,1,0,0
640,17,1,1,0,0,1
641,17,2,1,1,1,1
642,17,3,1,1,1,0
643,17,4,0,1,1,1
644,17,5,1,0,1,1
645,17,6,0,0,1,0
646,17,7,0,1,0,0
647,17,8,1,1,1,1
648,17,9,1,1,1,1
649,17,10,1,1,1,1
650,17,11,0,0,1,0
651,17,12,1,1,1,1
652,17,13,1,0,1,1
653,17,14,0,0,1,0
654,17,15,1,1,1,1
655,17,16,1,0,1,1
656,17,17,0,1,0,1
657,17,18,1,0,1,1
658,17,19,0,0,1,0
659,17,20,0,0,0,1
660,17,21,0,1,1,0
661,17,22,1,0,1,1
662,17,23,0,1,1,0
663,17,24,0,1,1,1
664,17,25,1,1,1,1
665,17,26,0,1,0,1
666,17,27,1,1,1,0
667,17,28,0,1,1,0
668,17,29,1,0,1,1
669,17,30,0,1,1,0
670,17,31,1,0,1,1
671,17,32,1,1,1,1
672,17,33,1,0,1,0
673,17,34,0,0,1,0
674,17,35,1,1,1,1
675,17,36,1,1,1,1
676,17,37,1,1,1,1
677,17,38,0,1,1,0
678,17,39,0,0,1,1
679,17,40,0,1,1,0
680,18,1,0,1,1,0
681,18,2,1,1,1,1
682,18,3,0,0,1,0
683,18,4,1,1,1,1
684,18,5,1,0,1,1
685,18,6,1,1,1,1
686,18,7,1,1,1,1
687,18,8,0,0,1,0
688,18,9,1,0,0,1
689,18,10,0,1,1,0
690,18,11,1,1,1,1
691,18,12,0,0,1,0
692,18,13,1,0,1,0
693,18,14,1,1,1,1
694,18,15,1,0,1,0
695,18,16,1,1,1,0
696,18,17,1,1,1,1
697,18,18,1,1,1,1
698,18,19,1,1,1,1
699,18,20,0,1,1,1
700,18,21,1,1,1,1
701,18,22,1,1,1,1
702,18,23,1,1,1,1
703,18,24,1,1,1,1
704,18,25,1,1,1,1
705,18,26,0,1,0,1
706,18,27,1,0,1,1
707,18,28,1,0,1,0
708,18,29,0,0,0,0
709,18,30,0,0,0,0
710,18,31,0,1,1,0
711,18,32,0,1,1,1
712,18,33,1,1,1,1
713,18,34,1,0,1,1
714,18,35,0,1,1,0
715,18,36,0,0,1,0
716,18,37,0,1,0,0
717,18,38,0,0,1,0
718,18,39,1,1,1,1
719,18,40,0,0,0,0
720,19,1,0,1,1,0
721,19,2,1,1,0,0
722,19,3,0,0,0,1
723,19,4,1,0,0,1
724,19,5,1,0,1,1
725,19,6,1,1,1,1
726,19,7,0,1,1,0
727,19,8,1,1,1,1
728,19,9,1,1,1,1
729,19,10,1,0,0,1
730,19,11,0,1,1,0
731,19,12,1,1,1,1
732,19,13,0,0,0,0
733,19,14,0,0,0,1
734,19,15,0,1,1,1
735,19,16,1,0,0,1
736,19,17,0,1,0,0
737,19,18,1,1,1,1
738,19,19,1,1,0,1
739,19,20,0,1,1,0
740,19,21,0,0,0,1
741,19,22,1,1,1,0
742,19,23,0,0,0,1
743,19,24,1,1,1,1
744,19,25,0,1,1,0
745,19,26,1,1,0,0
746,19,27,1,1,1,1
747,19,28,0,1,1,0
748,19,29,0,0,1,1
749,19,30,0,0,0,1
750,19,31,1,1,1,1
751,19,32,1,1,1,1
752,19,33,1,0,0,1
753,19,34,1,1,1,1
754,19,35,1,1,0,1
755,19,36,0,0,1,0
756,19,37,1,1,1,1
757,19,38,1,1,0,1
758,19,39,0,1,1,0
759,19,40,1,1,1,1
760,20,1,1,1,0,1
761,20,2,1,1,0,1
762,20,3,1,1,1,1
763,20,4,1,0,0,1
764,20,5,1,1,0,1
765,20,6,0,0,0,1
766,20,7,1,0,0,0
767,20,8,0,1,1,1
768,20,9,0,1,0,1
769,20,10,0,0,1,0
770,20,11,0,1,0,0
771,20,12,1,0,1,1
772,20,13,1,1,1,1
773,20,14,0,1,0,0
774,20,15,1,1,1,1
775,20,16,1,1,1,1
776,20,17,1,0,1,1
777,20,18,0,0,0,0
778,20,19,0,1,0,0
779,20,20,0,1,1,0
780,20,21,1,1,0,1
781,20,22,0,1,0,1
782,20,23,1,1,1,1
783,20,24,0,1,0,1
784,20,25,1,1,0,1
785,20,26,0,1,0,1
786,20,27,1,1,1,1
787,20,28,0,1,0,1
788,20,29,0,1,1,0
789,20,30,0,1,0,1
790,20,31,1,1,1,1
791,20,32,0,1,0,0
792,20,33,1,0,1,1
793,20,34,0,1,0,0
794,20,35,1,1,0,1
795,20,36,1,1,1,1
796,20,37,1,1,1,1
797,20,38,1,1,0,1
798,20,39,1,1,1,1
799,20,40,1,0,0,0
800,21,1,0,0,0,0
801,21,2,1,1,1,1
802,21,3,1,0,1,0
803,21,4,1,1,1,1
804,21,5,0,1,0,0
805,21,6,1,1,1,1
806,21,7,1,1,1,0
807,21,8,0,1,1,1
808,21,9,0,0,0,1
809,21,10,1,0,1,0
810,21,11,0,1,0,0
811,21,12,0,0,1,0
812,21,13,1,1,1,1
813,21,14,1,1,0,1
814,21,15,1,1,1,1
815,21,16,0,0,0,0
816,21,17,1,1,1,1
817,21,18,0,1,0,1
818,21,19,0,1,1,0
819,21,20,1,1,1,1
820,21,21,1,1,1,1
821,21,22,1,1,1,1
822,21,23,1,1,1,1
823,21,24,0,0,0,0
824,21,25,1,1,1,1
825,21,26,0,1,1,0
826,21,27,1,1,0,0
827,21,28,0,1,0,1
828,21,29,0,1,0,1
829,21,30,0,1,0,1
830,21,31,1,1,1,1
831,21,32,0,1,0,0
832,21,33,1,1,1,1
833,21,34,1,1,1,1
834,21,35,1,1,1,1
835,21,36,0,1,0,1
836,21,37,0,0,0,0
837,21,38,0,1,0,0
838,21,39,1,1,1,1
839,21,40,0,1,0,1
840,22,1,1,0,1,1
841,22,2,0,0,1,0
842,22,3,1,1,1,1
843,22,4,0,0,0,0
844,22,5,0,1,0,0
845,22,6,1,0,1,1
846,22,7,0,0,0,0
847,22,8,0,1,0,1
848,22,9,0,0,0,0
849,22,10,0,0,1,0
850,22,11,0,0,1,1
851,22,12,0,1,0,0
852,22,13,0,0,1,1
853,22,14,0,1,0,0
854,22,15,1,0,1,1
855,22,16,1,0,1,0
856,22,17,1,1,1,1
857,22,18,1,1,1,0
858,22,19,1,1,1,1
859,22,20,1,0,1,1
860,22,21,0,1,1,1
861,22,22,0,1,0,0
862,22,23,1,1,1,1
863,22,24,1,1,1,1
864,22,25,0,0,1,1
865,22,26,0,1,0,1
866,22,27,1,1,0,1
867,22,28,1,1,1,1
868,22,29,1,0,1,0
869,22,30,1,1,0,1
870,22,31,1,1,1,1
871,22,32,1,1,1,1
872,22,33,0,0,1,0
873,22,34,0,1,0,1
874,22,35,0,1,0,1
875,22,36,0,1,1,0
876,22,37,0,1,0,0
877,22,38,1,1,1,1
878,22,39,0,0,0,1
879,22,40,0,1,0,0
880,23,1,1,0,0,1
881,23,2,0,0,1,0
882,23,3,1,0,1,1
883,23,4,1,1,1,1
884,23,5,1,0,1,1
885,23,6,1,0,0,0
886,23,7,0,0,0,0
887,23,8,0,0,0,0
888,23,9,1,0,1,0
889,23,10,0,0,0,0
890,23,11,1,0,0,0
891,23,12,1,1,1,1
892,23,13,1,0,1,0
893,23,14,0,0,0,0
894,23,15,0,0,1,0
895,23,16,0,0,1,0
896,23,17,0,0,1,0
897,23,18,0,0,1,0
898,23,19,0,0,0,0
899,23,20,1,0,1,1
900,23,21,1,0,1,0
901,23,22,0,0,1,0
902,23,23,0,0,1,0
903,23,24,1,1,1,1
904,23,25,1,0,1,1
905,23,26,1,0,1,1
906,23,27,0,0,0,1
907,23,28,1,0,1,1
908,23,29,1,1,1,1
909,23,30,1,1,1,1
910,23,31,1,1,1,1
911,23,32,1,0,1,1
912,23,33,1,1,1,1
913,23,34,1,1,1,1
914,23,35,1,1,1,1
915,23,36,0,0,0,0
916,23,37,1,0,1,1
917,23,38,1,0,1,1
918,23,39,1,0,1,0
919,23,40,1,1,1,1
920,24,1,1,1,1,0
921,24,2,0,1,0,0
922,24,3,0,1,0,0
923,24,4,0,1,1,0
924,24,5,0,1,0,1
925,24,6,1,1,1,1
926,24,7,1,1,1,1
927,24,8,0,1,0,1
928,24,9,1,1,1,0
929,24,10,0,1,0,1
930,24,11,0,1,1,1
931,24,12,1,1,1,1
932,24,13,0,1,0,1
933,24,14,0,0,1,1
934,24,15,1,1,1,1
935,24,16,1,1,1,1
936,24,17,1,1,1,1
937,24,18,0,1,0,1
938,24,19,0,1,1,0
939,24,20,0,1,0,0
940,24,21,1,1,1,0
941,24,22,1,1,1,1
942,24,23,0,1,0,1
943,24,24,1,1,1,1
944,24,25,1,0,1,0
945,24,26,0,0,0,0
946,24,27,0,1,0,0
947,24,28,0,1,0,0
948,24,29,1,0,1,1
949,24,30,0,1,0,0
950,24,31,1,0,1,0
951,24,32,0,1,0,0
952,24,33,0,1,0,0
953,24,34,1,0,1,1
954,24,35,0,0,0,0
955,24,36,0,1,0,0
956,24,37,1,1,1,1
957,24,38,0,1,1,0
958,24,39,1,1,1,1
959,24,40,1,1,1,1
960,25,1,0,0,1,1
961,25,2,1,0,1,0
962,25,3,0,0,1,1
963,25,4,0,1,1,0
964,25,5,1,1,1,1
965,25,6,1,1,1,0
966,25,7,0,1,1,1
967,25,8,0,1,1,1
968,25,9,0,0,1,0
969,25,10,0,1,1,0
970,25,11,1,1,1,1
971,25,12,1,0,1,0
972,25,13,1,1,1,1
973,25,14,0,0,1,0
974,25,15,0,1,1,1
975,25,16,0,1,1,0
976,25,17,1,1,1,1
977,25,18,0,1,1,0
978,25,19,1,1,1,1
979,25,20,0,1,1,1
980,25,21,0,1,1,0
981,25,22,1,1,1,1
982,25,23,0,1,1,0
983,25,24,0,1,0,1
984,25,25,1,1,1,1
985,25,26,1,1,1,1
986,25,27,1,0,1,1
987,25,28,0,0,1,0
988,25,29,1,1,1,1
989,25,30,1,1,1,1
990,25,31,1,0,1,0
991,25,32,0,1,1,0
992,25,33,0,1,0,1
993,25,34,0,1,0,1
994,25,35,1,1,1,1
995,25,36,1,1,1,1
996,25,37,0,0,1,1
997,25,38,1,1,1,1
998,25,39,0,1,1,0
999,25,40,1,0,1,1
1000,26,1,0,0,0,0
1001,26,2,1,1,1,1
1002,26,3,0,0,0,1
1003,26,4,1,0,1,1
1004,26,5,1,1,1,1
1005,26,6,0,0,0,1
1006,26,7,0,0,0,1
1007,26,8,0,0,1,0
1008,26,9,1,0,1,1
1009,26,10,1,1,1,1
1010,26,11,1,1,1,1
1011,26,12,1,0,1,1
1012,26,13,1,1,1,1
1013,26,14,0,0,0,1
1014,26,15,0,0,0,1
1015,26,16,0,0,0,0
1016,26,17,1,1,0,1
1017,26,18,1,0,1,1
1018,26,19,0,0,0,1
1019,26,20,1,0,1,0
1020,26,21,1,1,1,1
1021,26,22,0,0,0,0
1022,26,23,1,0,1,1
1023,26,24,0,0,0,0
1024,26,25,1,1,1,1
1025,26,26,1,0,1,1
1026,26,27,1,0,1,1
1027,26,28,0,0,0,0
1028,26,29,1,1,0,1
1029,26,30,1,0,1,1
1030,26,31,0,1,0,0
1031,26,32,1,1,1,1
1032,26,33,1,0,1,1
1033,26,34,1,1,1,1
1034,26,35,1,1,1,1
1035,26,36,0,0,0,0
1036,26,37,1,1,1,1
1037,26,38,1,1,1,1
1038,26,39,1,1,1,1
1039,26,40,1,1,1,1
1040,27,1,1,1,1,1
1041,27,2,1,0,1,1
1042,27,3,0,0,1,0
1043,27,4,1,1,1,1
1044,27,5,0,1,1,1
1045,27,6,1,1,1,1
1046,27,7,1,1,1,1
1047,27,8,1,1,1,1
1048,27,9,1,1,1,1
1049,27,10,1,1,1,1
1050,27,11,1,1,1,1
1051,27,12,1,1,1,1
1052,27,13,1,1,1,1
1053,27,14,0,0,1,0
1054,27,15,0,1,1,1
1055,27,16,1,1,1,1
1056,27,17,1,0,1,1
1057,27,18,1,1,1,1
1058,27,19,1,1,1,1
1059,27,20,1,0,1,1
1060,27,21,1,1,1,1
1061,27,22,1,1,1,1
1062,27,23,1,1,1,1
1063,27,24,0,0,1,1
1064,27,25,1,0,1,1
1065,27,26,1,1,1,1
1066,27,27,1,1,1,1
1067,27,28,1,1,1,1
1068,27,29,0,0,1,0
1069,27,30,1,0,1,0
1070,27,31,0,0,1,0
1071,27,32,1,0,1,1
1072,27,33,0,0,1,0
1073,27,34,1,1,1,1
1074,27,35,0,1,1,1
1075,27,36,0,0,1,1
1076,27,37,1,1,1,1
1077,27,38,1,1,1,1
1078,27,39,1,1,1,1
1079,27,40,1,1,1,1
1080,28,1,1,0,1,1
1081,28,2,1,1,1,1
1082,28,3,1,1,1,1
1083,28,4,1,1,1,1
1084,28,5,0,0,0,0
1085,28,6,1,0,0,0
1086,28,7,0,1,1,0
1087,28,8,1,1,1,1
1088,28,9,1,0,0,0
1089,28,10,1,0,1,1
1090,28,11,0,0,0,1
1091,28,12,0,1,1,0
1092,28,13,1,1,1,1
1093,28,14,0,0,0,1
1094,28,15,1,1,1,1
1095,28,16,1,0,1,1
1096,28,17,0,1,1,0
1097,28,18,1,0,1,1
1098,28,19,1,1,1,1
1099,28,20,1,0,1,0
1100,28,21,0,0,1,0
1101,28,22,1,0,1,1
1102,28,23,1,1,1,1
1103,28,24,0,0,0,0
1104,28,25,0,0,1,1
1105,28,26,1,0,1,1
1106,28,27,0,0,0,0
1107,28,28,1,0,0,1
1108,28,29,1,1,1,1
1109,28,30,1,1,1,1
1110,28,31,1,1,1,1
1111,28,32,0,0,0,0
1112,28,33,1,1,1,1
1113,28,34,0,0,0,0
1114,28,35,1,1,1,1
1115,28,36,1,1,1,1
1116,28,37,0,0,0,0
1117,28,38,1,1,1,1
1118,28,39,0,0,0,0
1119,28,40,0,0,0,0
1120,29,1,1,1,1,1
1121,29,2,0,0,0,0
1122,29,3,1,0,1,1
1123,29,4,1,1,1,1
1124,29,5,1,1,1,1
1125,29,6,1,0,1,0
1126,29,7,1,1,1,1
1127,29,8,1,0,1,0
1128,29,9,1,1,1,0
1129,29,10,1,1,1,1
1130,29,11,1,1,1,1
1131,29,12,0,1,1,0
1132,29,13,1,0,0,1
1133,29,14,1,1,1,1
1134,29,15,0,0,1,0
1135,29,16,0,0,0,1
1136,29,17,1,0,0,0
1137,29,18,1,1,1,1
1138,29,19,0,1,0,0
1139,29,20,0,1,0,0
1140,29,21,1,1,1,1
1141,29,22,1,1,1,1
1142,29,23,0,0,0,0
1143,29,24,1,1,1,1
1144,29,25,0,0,0,1
1145,29,26,1,1,1,1
1146,29,27,1,1,1,1
1147,29,28,0,1,0,0
1148,29,29,1,1,1,1
1149,29,30,0,0,0,0
1150,29,31,0,0,0,0
1151,29,32,1,1,1,1
1152,29,33,0,0,0,0
1153,29,34,1,1,1,1
1154,29,35,0,1,1,1
1155,29,36,0,1,0,1
1156,29,37,0,0,0,0
1157,29,38,0,0,0,0
1158,29,39,0,1,0,0
1159,29,40,1,1,1,1
1160,30,1,1,0,1,1
1161,30,2,0,0,0,0
1162,30,3,0,0,0,0
1163,30,4,0,0,0,0
1164,30,5,1,0,1,1
1165,30,6,0,0,1,0
1166,30,7,1,1,1,1
1167,30,8,1,1,1,1
1168,30,9,0,0,0,0
1169,30,10,0,0,0,0
1170,30,11,1,0,1,0
1171,30,12,1,0,1,1
1172,30,13,1,1,1,1
1173,30,14,1,1,0,1
1174,30,15,1,1,0,1
1175,30,16,1,0,1,0
1176,30,17,1,1,1,1
1177,30,18,1,1,1,1
1178,30,19,0,1,0,0
1179,30,20,1,1,1,1
1180,30,21,1,1,1,1
1181,30,22,1,1,1,1
1182,30,23,1,1,1,1
1183,30,24,1,0,0,0
1184,30,25,0,0,0,0
1185,30,26,0,1,0,1
1186,30,27,0,0,0,0
1187,30,28,1,1,1,1
1188,30,29,0,0,0,0
1189,30,30,1,0,0,0
1190,30,31,1,0,1,0
1191,30,32,1,0,1,0
1192,30,33,1,1,1,1
1193,30,34,1,0,1,0
1194,30,35,1,1,1,1
1195,30,36,0,0,1,0
1196,30,37,1,1,0,1
1197,30,38,1,1,1,1
1198,30,39,1,1,1,1
1199,30,40,0,0,1,0
1200,31,1,1,1,1,1
1201,31,2,1,0,1,1
1202,31,3,0,1,0,0
1203,31,4,1,1,0,0
1204,31,5,0,0,1,1
1205,31,6,1,0,1,1
1206,31,7,1,0,1,1
1207,31,8,1,0,0,1
1208,31,9,1,1,1,1
1209,31,10,1,1,1,1
1210,31,11,1,0,1,1
1211,31,12,0,1,0,0
1212,31,13,0,1,0,0
1213,31,14,0,0,1,1
1214,31,15,0,1,0,0
1215,31,16,0,1,0,1
1216,31,17,0,1,0,0
1217,31,18,0,1,0,0
1218,31,19,0,1,0,0
1219,31,20,0,0,1,1
1220,31,21,1,0,1,1
1221,31,22,0,0,1,1
1222,31,23,1,1,1,1
1223,31,24,1,0,1,1
1224,31,25,1,0,1,1
1225,31,26,1,0,0,1
1226,31,27,0,1,0,0
1227,31,28,0,1,0,0
1228,31,29,1,0,1,1
1229,31,30,1,0,1,1
1230,31,31,1,0,1,1
1231,31,32,1,0,1,1
1232,31,33,0,1,0,1
1233,31,34,1,1,1,1
1234,31,35,1,1,1,1
1235,31,36,0,1,1,0
1236,31,37,0,0,0,1
1237,31,38,1,0,1,1
1238,31,39,1,0,0,1
1239,31,40,1,0,1,1
1240,32,1,1,0,1,1
1241,32,2,0,1,1,1
1242,32,3,1,1,1,1
1243,32,4,1,0,1,1
1244,32,5,1,0,1,1
1245,32,6,1,0,1,0
1246,32,7,0,0,1,0
1247,32,8,0,0,1,0
1248,32,9,1,1,1,1
1249,32,10,0,1,1,0
1250,32,11,0,1,1,1
1251,32,12,0,1,1,0
1252,32,13,0,1,0,1
1253,32,14,0,1,1,1
1254,32,15,1,0,1,0
1255,32,16,0,1,1,0
1256,32,17,1,0,1,1
1257,32,18,1,1,1,1
1258,32,19,0,1,0,0
1259,32,20,1,1,1,0
1260,32,21,1,1,1,1
1261,32,22,0,1,0,1
1262,32,23,1,0,1,0
1263,32,24,1,0,1,1
1264,32,25,0,1,1,0
1265,32,26,0,1,1,0
1266,32,27,1,1,1,0
1267,32,28,1,1,1,1
1268,32,29,0,1,1,0
1269,32,30,1,1,1,1
1270,32,31,0,1,1,0
1271,32,32,0,1,1,0
1272,32,33,1,0,1,0
1273,32,34,0,0,1,0
1274,32,35,0,1,1,1
1275,32,36,1,0,1,0
1276,32,37,1,1,1,1
1277,32,38,1,1,1,1
1278,32,39,0,1,1,1
1279,32,40,0,1,1,0
