,mean_raw,std_raw,mean_norm,std_norm,mean_first_diff_raw,mean_second_diff_raw,mean_first_diff_norm,mean_second_diff_norm,theta_mean_raw,theta_std_raw,theta_mean_norm,theta_std_norm,theta_mean_first_diff_raw,theta_mean_second_diff_raw,theta_mean_first_diff_norm,theta_mean_second_diff_norm,alpha_mean_raw,alpha_std_raw,alpha_mean_norm,alpha_std_norm,alpha_mean_first_diff_raw,alpha_mean_second_diff_raw,alpha_mean_first_diff_norm,alpha_mean_second_diff_norm,beta_mean_raw,beta_std_raw,beta_mean_norm,beta_std_norm,beta_mean_first_diff_raw,beta_mean_second_diff_raw,beta_mean_first_diff_norm,beta_mean_second_diff_norm,theta_PSD,alpha_PSD,beta_PSD,activity,mobility,complexity,alpha_energy,beta_energy,gamma_energy,alpha_ree,beta_ree,gamma_ree
0,-0.6496202328219824,-0.5267049706315546,1.147425827594906,-0.877090920560289,0.5424484569671507,0.24940069517636937,-0.14899166839021577,-0.29650167871417354,0.36816424356483124,-0.4358328552372177,0.837790594225435,-0.43608352456336996,-0.6452745041800545,-0.6465190078643372,-0.4711560577358586,-0.47476677010382,-0.32060022653567943,-1.112218985737103,1.796274492797558,-0.5350003369338514,-1.1511093620046744,-1.1698470791276214,-0.46093171576321323,-0.4712637218613784,-0.8757935823222156,0.12187863728722742,-0.5971156162494641,0.2787275342994026,0.5673567506693715,0.6026229982044078,0.2523512542510602,0.2547202155913309,-0.2421385819589357,-1.1193395212419779,0.3113571181723481,0.06113113845238986,0.48050986084084407,-0.25727937857580635,-0.5927061611594203,-0.05168463128996978,0.00286400949713364,-0.4683561479637279,0.4900180330937669,0.42361450260851957
1,-0.1875531297263238,-1.268566591015527,2.2608757478834174,-0.4340677750168151,-0.42906371029519647,-0.758403467396673,0.36865414371004473,0.30892921520872324,0.21871795298329003,-1.1582078966325406,1.401689709645543,-0.9020773479942638,-1.0335650763713005,-1.0351925736685808,-0.034880465400243414,-0.04140523879687125,0.6883485467825072,-1.0098169915757282,0.29230875857738536,-0.1447114833024321,-0.9777861582015578,-0.9792649158334246,-0.08629976805321199,-0.08774520172306788,-0.12434018754894463,-0.29567071331837674,-0.3046083013048371,1.07375281203822,-0.21401949873466278,-0.26542766630961506,1.0911739299920402,1.0807428738847338,-1.0355992697370877,-0.9853705092506917,-0.2743634178853089,-0.8140620149943666,0.8101784375869476,-0.9139051351961596,-1.3643132882911944,-0.31201177100500316,-0.16730046398396348,-0.39043562630417017,0.543801976729534,0.24649497341260693
2,1.169087221700674,1.1222636672123394,-0.40917497039938533,0.12005766742388214,-0.47741101443223427,-0.2723393601662633,-0.8052828113336097,-0.732055497257858,1.8566239342259614,1.4080354405087565,0.5007008889778373,1.8085249553911817,1.5146285944175222,1.5177366866195088,0.9060141410902872,0.9155272976158689,1.4263045891771924,0.20194483868070287,-0.8125283387303659,-1.084867796582862,-0.5831093025484577,-0.5733103358136012,-1.2995237418146783,-1.2952877298454586,-0.31467264888772256,-0.38725098541805797,-2.0444647277921613,-1.1365838020907297,-0.6806295769750182,-0.7582857181506186,-1.0574616549468483,-1.068409974961932,1.236899007114897,0.26430056471474495,-0.4497372212917148,-0.6341764681825868,-1.2609982853344062,1.407642567659322,0.6719752368662796,-0.30942768290766326,-0.28170401788412347,0.8319493261206428,-1.0630879696587658,-0.6006296200951609
3,1.0019567279225745,-0.8387978029245643,-0.32308531488357756,0.9504860939086887,0.17020472192519903,0.034286745237581566,1.3731352834272705,1.3307553082979748,0.07159105839184006,-1.1175257638717835,0.5479845399190766,-0.2547371726097969,-1.0670717613401104,-1.06694928297193,0.5067713375859884,0.5017378523374187,1.8954956642631697,0.1250255101448567,0.41268908862479725,-1.4302427330902097,-0.17041626001276466,-0.1690368860034993,-1.3871612102620634,-1.3861968633789115,2.163194233619528,0.2557444522832147,-0.2208183409912668,-0.1586030267602822,0.636114483429613,0.7491686985472987,-0.21769065960436598,-0.20070303962511135,-1.2312995137196348,-0.15448979588360875,0.342419787540537,-0.9100009732939826,0.9829065502588925,-1.1389540597816588,-0.014772516751121133,0.12055840566982012,-0.12646842323002785,-0.2159697265482512,0.6626184348629633,-0.14881325666036385
4,-1.8067587538274603,-1.1237859057020514,-0.37322951172737523,1.5771876813765129,0.6243083297131414,0.2733100276781492,2.453203441892974,2.2628239507448815,0.06897757089186302,-1.3822086783409373,-0.5682561753239816,0.5284377096385001,-1.1168046063167205,-1.115898713810761,1.9508015233909608,1.9456566264741977,-2.2612243145394095,0.06281170912778898,-0.24996702953893565,-1.7919488374885288,-0.236124188214828,-0.24062557812405688,-1.6927824914503133,-1.6939055461426793,0.4667016027112453,-0.05256847260850027,0.7106978809152454,0.6605017389083436,0.5901243353921294,0.4764489164177863,0.7473092055021602,0.708806571943659,-1.4838359212375158,0.33125379572144104,0.20992864413518025,0.8802885164042069,1.2793148545506776,-1.3048030381384568,-0.5820737861649389,-0.09646997088543902,0.07809859465257342,-0.49219090961890066,0.2505869318406298,0.6535330140007276
5,-0.1233401695078951,-0.5190347274275868,-0.37102577853582364,-0.9711049636470701,-0.4585814623999221,-0.44844393616853906,-0.6024025046500805,-0.5764380692641995,-0.4119486522945289,-0.37798334358708824,-0.685370140143599,-1.560198918534804,-0.07286080244148174,-0.07319178486795978,-1.0910820764383862,-1.091242111740186,-0.49718591380786387,-0.1652286601355648,0.5289053799324309,-0.3703013628363861,0.07464344224998559,0.05945940442673743,-0.2240654514022619,-0.23132387743941965,-0.9453655074616141,-0.2332738893087782,0.22342184018969619,1.1692615923830934,-0.34921298929362093,-0.2733526451901164,1.0800336249184126,1.1133057112280227,-0.012845537786146914,-0.05473678748592956,-0.3386391116744692,0.23941948720468012,0.046897437638016085,-0.3146538534218197,-0.366758758548448,-0.23033122526151456,-0.2441418562871971,0.19088667933553408,-0.030150703125625043,-0.3062930785920688
6,1.2167473376016973,0.6170274683791285,-0.2118644800224991,-0.3765804959162984,-0.8459670368198354,-0.8564291283050449,-0.980986761707581,-0.939242694293802,-0.39617125265832553,1.0312607494347006,-0.029129964227945167,0.8224771963702584,0.8852379809949102,0.8867310914280895,0.006827057072489349,0.012008135217354787,-0.6282268285499495,-0.6266702340926349,-1.1586424920794274,-1.7206779170167998,-0.7035186189446225,-0.7081423310681098,-1.5292168357791107,-1.5308270211715596,0.1864636132176283,-0.48108016175032386,0.6199180612141031,-0.02623398868205235,-0.8726879436868842,-0.8886769896640132,-0.004335554991678615,0.0024446162956982104,1.082185468137855,-0.4452503807882218,-0.6939749586048364,-0.4787039598666914,-1.1357588093450997,1.2613848898917777,-0.24500350995057785,-0.4138863705457073,-0.3360825031383241,0.6422604423893978,-0.6877187463980557,-0.5684900661760989
7,-0.28626615632760205,0.0167175606071042,-0.38597748069529947,-0.09320209810961631,0.41438473859645547,0.13583854572341522,0.014992600670026123,-0.11679254040467879,1.1235834410285614,0.24129354115932156,-0.031884728173463515,-1.2073827787252038,0.01686409429422939,0.016087073818260765,-1.4735332547178948,-1.4737552914744563,0.5397899826310226,-0.6546143144349162,1.1178237332502283,-1.4962703981359387,-1.3172505463225286,-1.308967211557293,-1.5774605182775292,-1.5740960845360783,-0.5748456357754391,-0.02621520446966915,-1.3686629162055808,-0.007201572283958936,0.6090740492389365,0.5148454666350251,0.0906239516956032,0.061086727293351635,0.5038395363478713,-0.6496085115754934,0.2855910593383434,0.3914923728352933,-0.158850454725116,0.5699811433174078,-0.696924604891124,-0.13421336446389248,0.002055229549179315,-0.42491859957784844,0.31293854434623175,0.4880724060235963
8,0.8742554165961148,0.2937684943864715,0.946960205876248,-0.12927500013679705,2.5352800504659516,2.026211017131184,0.6247800734730706,0.2395707124475632,0.0069139783295149885,0.3203385955576447,-0.5754696783298717,-0.9752743020153075,-0.016531176220508162,-0.014700490323892462,-1.3914756366857344,-1.3897689301045004,0.5737232538284858,-1.16251351905931,1.5806913374221356,1.791475274918366,-0.8834513392842337,-0.867617042271324,1.8057771916908332,1.8158323633274076,-0.39445392058871614,0.8688186453889698,1.122970912854303,-0.8915593885380266,2.5374581601392636,2.3939132064157165,-0.829333642008932,-0.873473077651442,0.5310796316386737,-1.3932782084944124,1.4440115750401394,1.9378388583525676,0.5846519938457335,0.2690192245893416,-1.1606522625141849,0.46474046817831954,0.6261185638801081,-1.988048166658631,1.8226372893505303,2.0009687349430747
9,1.1526252336162262,-0.5558114071679985,-0.6914249179117942,0.005950324527256502,0.5072775057310414,0.08932605048374878,0.5449077877415678,0.3570147070668207,-0.1167167220957495,-0.4458933731243461,0.2171691092534179,-0.6970646519136697,-0.6088413549086291,-0.6107937289741683,-0.6571496484186393,-0.6611815674160588,0.6653783476778042,-0.5965999500594829,-0.8771486674626844,-0.8651949292500462,-1.0334348428910165,-1.022980803058945,-0.9566685903677971,-0.9520347438457978,-0.3172413597650742,-0.12448217944907472,-0.01363494551444854,0.9137884479532976,0.18560097220248217,0.12121336360386331,0.9235170964471534,0.9035758194129394,-0.1000972993306958,-0.6067351813419325,0.000801827919360173,-0.8962954078226089,0.46721405888880074,-0.24900575106262424,-0.4780751184910178,-0.1321787624182993,0.025084181203305345,-0.32755335651011586,0.10190212321278867,0.48604861571298197
10,0.2145746966945785,-0.19525963256428772,-0.2038270114667654,0.7293619408043426,-0.579280508091205,-0.7607610686684015,0.301200171506325,0.3102326231542482,0.09393088251308845,0.18648199827021972,-2.0622373354821297,0.1868129400009738,-0.09786648274381164,-0.09503304370416346,-0.3110518619495604,-0.30824371209294504,-0.0479560952357989,-1.101967021561931,-0.8568962697535363,0.003224126901348199,-0.9717675803862229,-0.9637400157677152,0.10449965284741185,0.10833177497366461,0.18633854614986922,-0.3898026214307344,1.1585484958878784,0.09168559122893313,-0.6309334174469503,-0.6672382436403652,0.10828130113242204,0.10701126195109462,0.38079934861961445,-1.2299090376079884,-0.4730986053968357,-0.7986432538390713,-0.458472153691109,0.6972697205496645,-1.0523094099809502,-0.3773461058062209,-0.20052628883666002,-0.04564127682753244,0.018389509330148213,0.06442330205084448
11,1.3127727384977743,0.28271524683362464,0.1637468351227605,-0.8367647022334934,1.7604568228721222,2.0529050158958815,-0.20332661723679313,-0.2905183156782323,0.5915961640365837,-0.49989812329907346,-0.7177564253977721,-1.825430457297191,-0.28901094567926217,-0.29618634830138274,-1.3594076303247145,-1.3659787297218298,-0.8726913335799998,3.268260314486302,-0.27866832782177287,-0.7953287361183441,2.431911644626507,2.428483641548454,-1.0924747054272455,-1.0922449186035221,-0.9580749989175216,0.2700217255029189,-0.14245738712314096,1.2160019108291158,1.445047311346909,1.4156138874637207,1.28358659575616,1.2567199934984057,-0.20026543963120683,2.493877496471985,0.5835448128134224,0.09678702362401044,0.44174912697022883,-0.8799636290184858,1.924741257564725,0.1707968319228187,0.10189461492143029,0.3413901073086128,-0.753804041977176,0.0038203097635179763
12,0.23809907174671383,0.2982829072057735,-0.19567028530538108,0.06120452072781042,0.12500206392032015,0.19706205160933737,-0.17269274607163096,-0.1722221631214867,0.7920018976183771,0.417617834900777,-1.7021731763864816,0.23118520725959754,0.6600192778119712,0.6535080481961336,0.10815599837562163,0.10535610382021414,-1.1161352479414839,0.34851161581500195,0.2798646444008561,-0.3354905203196209,0.30514459953900347,0.3164791347738408,-0.35099725855027275,-0.34544635091017833,-0.9919579944934662,-0.07080875221790088,-1.1686523922176737,-1.1176967222078182,-0.00137826402991865,0.06594404082822092,-1.0632331186746646,-1.055051637203877,0.3958596626784272,0.4203691699351449,-0.11290683619513527,3.118864210061911,-0.4267016144014572,0.42029474757408253,0.26318879040843673,-0.14356723199674834,-0.1308602121229546,0.2514155873276176,-0.3714204341951927,-0.14198149859522047
13,1.6437624040600052,0.6412805035062084,0.20121646056459253,-0.24111931374055115,0.7817359608468841,0.9914873537549835,-0.3295911651988884,-0.35691910388213666,-1.0609519992612557,0.6804844954536112,0.05542147741811537,-0.016675417358233767,0.48909709917242356,0.486825687865781,-0.5999762950016722,-0.5996648259147769,-0.3888631102247818,0.12925239363202284,-0.6050465394693034,0.6369981106818783,0.4229080583728582,0.42093162806450835,0.6826168718309242,0.6815366294513652,0.9610754388043216,0.338900124962257,-1.3735174166710127,-1.3383700929314906,1.025550664243792,1.0110672740613913,-1.270143601188473,-1.283096689382828,0.5945182614433228,-0.04714920003794714,0.7789962913357734,1.3380329882020394,-0.2439059055038231,0.6498085017459769,0.5720612303133624,0.163000884762418,0.07673421554547007,-0.18819638549291606,0.11787345680874833,0.23250307387353125
14,-0.3299321006513185,-0.10007116426369479,-0.2357783771656589,-0.3210856788936917,-0.9512871163519764,-1.0345406965260138,-0.6064078264267162,-0.5569501227545334,-0.16067822699609638,0.30163134018931137,-1.2190589646450443,-0.4894844606744847,0.15100403267315135,0.14751742368661888,-0.8203335989815073,-0.8223175609675032,-0.3635223014480394,-0.8848886293714355,-2.034099708341,0.6790360030681277,-0.6992397069104389,-0.6983855350469338,0.7239551496642598,0.7236698249016387,2.034191755092152,-0.46777236256911897,0.8603743981960504,0.8411492018142156,-0.7828557549157126,-0.8113291149066679,0.829694466980976,0.835016920239684,0.2011356941797488,-0.8773102691597616,-0.6672395940012777,0.4466001673347751,-0.62708759253961,0.6750591014860606,-0.3766682218711619,-0.3089189219325196,-0.31331019824335843,0.38868549862231083,-0.22075566939656951,-0.49807640389181207
15,0.2628526246729777,0.329810404321821,0.7907056578814735,0.9705435492345283,-0.06698255555411305,-0.10824344927056584,0.32555133626118504,0.3246749065214514,-0.3779956085752001,0.6334117230633501,0.21696184415567354,0.68331085009063,0.7502058838135742,0.7493949855676282,0.289610761385082,0.2924441717966826,-0.8341734647728909,-0.4268235944773404,0.39594721477679734,0.29694928323986497,-0.5200974158503366,-0.5215784568201075,0.2009489045171557,0.19969007525157342,-0.5068182134856105,-0.2134537707744806,0.12029993918769476,0.8477668673033026,-0.1925096027235504,-0.2631169056990244,0.8141876314101067,0.7976501118826151,0.7016554109824069,-0.48941449121697467,-0.2658228489818042,2.1535141337487747,-0.6600599688011737,0.9542103991887988,-0.6343260403768389,-0.1561691458697526,-0.15779854603608628,-0.16701110734608116,0.36687151391642986,-0.000374452008740475
16,0.2804117973761906,0.6408514609066744,-0.5718512174099448,0.26368098795972666,-0.20106840445388996,0.009350396431510708,-0.3701650580291119,-0.3017758641966492,0.5898995035459854,0.8376219585078895,0.8570840437398234,0.291920157990984,1.0458666225875204,1.0428474658333111,-0.06315326837727235,-0.061366396920146615,-0.9521875092569089,0.14285772725863605,1.1279555072305008,1.2833740682211976,0.6537288413492152,0.6480521348243564,1.3869066621354273,1.3834424652260675,1.234385717770742,-0.18162308236804867,0.18970500864847503,-1.0748073657301034,-0.5148128833342502,-0.46227174135495247,-1.065690900287852,-1.055261476377104,0.9052405525772599,0.2862595275063124,-0.25290170204180173,-0.8784496194484244,-0.7315243531807649,0.7559727460631427,0.24560374701656768,-0.16824262973030263,-0.14328664372599015,0.28925573138288535,-0.4249579361502731,-0.16521436920665136
17,0.9301502227364385,1.4179701531217028,-0.8548230025534016,-0.3080033787126543,0.5282565225971483,0.8202092500080066,-0.8499299301782918,-0.8493557523266091,-0.42023632927955934,1.5269199743423236,-0.5982380985367703,0.5379566480285808,1.5401942685526706,1.5362984297863012,-0.2652956928372519,-0.26268986096355706,0.3741754176940246,0.9873146211640111,1.1260628809019584,0.32865277169737456,1.1254824154370513,1.1326647546477662,0.28577686860167106,0.28979706974511726,-0.02931815118365679,-0.3157441161422012,0.408481130060232,1.3275798691542653,-0.2606656823192112,-0.3157001622147533,1.335171796236484,1.324196654531866,1.4757280228710437,1.1191194967473217,-0.2843170596267642,2.163980688630234,-1.127447521558308,1.3180984334581494,1.2557465647764232,-0.2051026515206062,-0.11966917416955318,0.7372604176606522,-1.2416194233565891,-0.2961971949738363
18,-1.0881530450613401,-1.0272966492594522,-0.9464922129254754,0.026767981585122013,0.5556839903164352,0.18990945065976225,0.9929887561899654,0.8150186112619963,0.4798815150701661,-0.9975508109688427,-0.5566395341051146,-0.07748592719594817,-1.0414093760759693,-1.0366067248797577,0.4560545524174841,0.4570860734665986,0.5657786802874721,-1.252804984629644,0.19529437792693777,0.4220637568264718,-1.1647303761938936,-1.145732529041562,0.4608056896535896,0.4714166647828534,0.13660284920860125,0.10585207126356959,1.1023845537558443,1.0041808627186695,1.0385327682470422,0.9663825037322057,1.0878993104350545,1.0541856158039173,-0.9657782172812664,-1.227077340990434,0.39219965110240157,-0.10751156168365371,1.0391254216602233,-0.8569900514241401,-1.102636294844082,-0.01761087937255896,0.028592271204992647,-0.8562855449652781,1.0580995344621886,0.646640232634543
19,0.61895482608016,-0.838081498922444,1.4895900347510385,1.981024935883481,-0.801016803855097,-0.5571367792327133,1.6069821588384408,1.8848987391824585,-0.7916421472578941,-0.9542504504649492,0.2990284648114973,1.0702104433987791,-0.809244563798349,-0.8089977472095479,1.821719470755861,1.8179073227439895,0.4215820147830811,0.34432778223150595,0.6402030621230581,0.6153277743966126,0.4871043450447406,0.4877287387755903,0.5694681671105146,0.5698858687279525,-0.3497284447903461,-0.007419388623277606,0.2788390989591134,1.0351343790260616,-0.08393692605146595,0.05157258393593962,0.8554567787017779,0.9002403611171655,-0.9841998335549772,0.5452627411371652,-0.10895708967235267,-0.5464822641118442,0.4103474948266311,-0.9773214588706034,-0.020384788630409125,-0.15091710609447484,-0.34999253552237874,0.3913154223091965,0.05517598687746289,-0.7200980406476293
20,-1.35321963618775,0.46365739265512995,-0.263430456941856,-0.781793547631634,-0.19197169315446483,0.2676847520137061,-0.9270513961527732,-0.8215552858057712,0.9774666509622715,0.3675479162612551,-1.3614775847839946,-0.39403869196478686,0.5179268250203317,0.5131613022175617,-0.5111928212198908,-0.5128765055347873,0.4308823264094325,1.629520434407192,-1.4265675140534064,0.5832321147798163,1.4527263250719986,1.4635634102567976,0.33032365748760906,0.3361786386834869,-0.7024191527671277,0.037093393094791254,0.8830937611590249,0.042315666114165595,-0.16057213799494247,0.02428236047866962,-0.09584549015040315,-0.05024809819956485,0.5632281453569314,1.5690800340129005,-0.13626258310351355,0.864334381597686,-0.5321215379077264,0.07451014475481946,1.1260467777438197,-0.11107454267382783,-0.2728300834585754,0.7448575884296309,-0.7543391956221986,-0.6933809883422547
21,-0.1347617756797896,0.8214546843355524,-2.1006250289610535,-0.8354932483061054,0.23471304994039213,0.6415332893509882,-0.9935912790532285,-0.9452820683964841,-2.0577667998919487,0.6943734145406935,-0.1403415392628515,1.3892378566475145,0.8222269251897071,0.824846622088772,0.8876227860228153,0.8944614474104169,-1.1500152925025569,1.1896044520219446,0.1760910728551463,1.3840084019623182,1.4442384059167923,1.4575291443774134,1.2603583251437713,1.2681410582717787,-0.22809243122825829,0.21573004610206065,-1.5000425836701463,-2.104280809585665,0.15441062897566366,0.32441920518763284,-2.036991033941279,-2.0268915173406854,0.7642620551606577,1.4392759546890355,0.3219466658219952,-0.49426548732898035,-0.5294605005169319,0.42749406337914225,1.7379530525255515,0.10996210276669938,-0.08632111232663894,0.5195010909138037,-0.6643457223391357,-0.3746520341345383
22,0.011940812562451646,0.6370064307759452,0.5821372257250033,0.26397038855286137,-0.4762872138864165,-0.2240077850274189,-0.4743967869082722,-0.3690636884684438,-0.5486123918658866,0.8946968138643548,0.7931483515582896,1.3664289910772873,1.0317790412614907,1.0278978668748482,0.7802854028910428,0.7814838907357607,-0.9944837722706036,0.25795017333789133,-1.9668649002552727,-0.2540370742669612,0.33704888639601804,0.3391533904896536,-0.2192391936418388,-0.21798179489625633,0.3757735717885194,-0.3274289268316259,-0.2675692518597076,0.2598162298601935,-0.7461406041835204,-0.6653013744208554,0.18814417631986463,0.22032908851746474,0.9226175558607427,0.294824132601961,-0.556913895575977,-0.6602290884853494,-0.9675066017563702,0.9153024289587506,0.37307174767400847,-0.29119423011646195,-0.3077673218838845,0.713094105016292,-0.7670905035553509,-0.6284098496664782
23,0.019070001781788127,-0.3060345096670462,0.3942886413373734,0.6501676466641937,-0.6406604678636425,-0.5115659905225826,0.3002538743965733,0.4282465637783791,-0.8327508224927783,-0.13905490474682072,1.3044081980311462,-0.23328177426336988,-0.2310331365762892,-0.2314896170481038,-0.33522826140397755,-0.3361423613743048,0.20606162423670502,0.31323212652601856,1.7699589348455265,1.2889951902674808,0.9800020041547077,0.9546044806306113,1.4703433687582135,1.4555122942281384,-0.33304666639526076,-0.4624786061705865,-0.3608003578924406,1.368371423570855,-0.6614339795597665,-0.6639871156402867,1.367703334404983,1.3820038227835225,-0.05811912263017836,0.23675998291472433,-0.5837683928319888,-0.8900136903148959,-0.29094831006863975,0.02442117187579068,-0.29048212355204606,-0.292119811199775,-0.3172336350851281,0.4137207264015733,-0.23158794678887862,-0.5328266262209204
24,-1.432379649934245,0.7614362763161752,-0.29144047311062576,0.6780059306133439,0.3387973755228178,0.868056565484079,0.03354226530237742,0.16045033891073213,-0.2529491418394229,0.5149366898662594,0.6429247279112886,-0.5173629780209348,0.529404197041641,0.5272522264133197,-0.7950377860818627,-0.7945155380362741,1.5293489126244615,2.4866448428055516,0.2587409885288235,0.4746470141501903,2.956874595472982,2.962752138260498,0.4990209131433926,0.5029488192120039,-0.364775117405729,-0.30574577601278186,0.9069679816448634,0.8589597226582877,-0.333517698009732,-0.3538195883116064,0.8561765626293458,0.8571598578303591,0.6562645466842703,2.593658048542667,-0.2274536827513628,-0.810314399435788,-0.5848642443199075,0.08064520541530287,2.7416029160357516,-0.12278277605838903,-0.24189610699975667,1.2680052662940278,-1.7287122800519543,-0.8299915250078623
25,-0.8882581310457424,0.4218721132315136,1.0825710924943868,-0.317833984732634,0.5199063995651172,0.5767847286897504,-0.35097361487365786,-0.3976486740877325,-0.23622421405052457,0.565415417111513,-1.2637398603572,0.20672291002069706,0.33741731333246433,0.336599034001561,-0.4007356328202374,-0.39969195540590197,0.3379222450458505,-0.08218263317315497,0.7636559197860558,0.5692228014958081,0.33630248918648886,0.3392127047901794,0.7047553673008958,0.7063126287575645,0.8819875021448759,0.0686777914189769,1.0832010335979922,-0.16325263517100602,0.42289416859042855,0.5052623808508115,-0.1617927805264185,-0.14860111369681653,0.6012915847309964,0.1501709039370977,0.14818998101306882,0.41890350377804086,-0.3303923069550703,0.517306270784297,0.2835012602078081,-0.04689977173714863,0.006026177889490983,-0.012480894653561598,-0.2163491458505947,0.1920949516589146
26,-1.007311914712045,-1.21157441845682,-0.41085725730966915,1.2502834494135928,-1.0362315615123259,-1.1444432582281552,1.308549139167914,1.448928600142942,-0.5535437217862363,-1.2891019262477303,-1.3119780867964501,0.42999745884635576,-1.0042481467892028,-1.0060450748102645,1.7458844589276241,1.737696193642907,1.0571587358276544,0.17256772294285702,-0.8887743427591588,-1.1625476023318861,-0.13754672276093388,-0.13797639629397554,-1.1680603622034826,-1.1678803608605097,0.42919560053052186,-0.41092263433253046,0.47846435136844223,-0.4917099239173578,-0.8423021213035429,-0.8261161121754212,-0.4770689889678288,-0.4657309979136162,-1.441434476500147,0.45391782779477086,-0.6100724011393616,-0.26969408642824255,0.6202571767686346,-1.1390215613784775,-0.6799509215828956,-0.2269614546443757,-0.34827707515535783,0.1520234410013321,0.39292541430346395,-0.5725414368486914
27,-0.6402941520715586,2.5400807214966443,-1.2665154093498896,-3.5286380434301705,3.9521216721358687,3.6363999192425895,-2.51385100867151,-2.768233334876644,1.0053405565228446,-0.22824552179267063,-0.8066368706506563,0.06424619586350291,-0.4202998304678488,-0.42101693685018393,-0.119775980681101,-0.12186252139598633,0.3993043102251908,0.07884214395817579,1.1256160748277442,-2.500284045091113,-0.3436622080053261,-0.34424803683609606,-2.3297460656993474,-2.3291930481633054,0.3443551310310882,5.90108842141621,-0.21804388958827395,-2.513753624680659,4.156820552332278,4.1968509803663725,-2.775021630993931,-2.7888445013626098,-0.13720535884670723,0.08214317109448714,5.4689072374911545,-0.6084785329237611,3.8776248591424842,-2.847564032541529,1.1288600632278938,6.062205038087231,6.059480941465014,-4.925612712268973,4.247191390297665,5.169318639196928
28,0.9734177187911274,-0.8772103202108498,-0.03227507013568173,1.133726659890146,0.44389479187453246,0.2218398204265031,1.7047767889624152,1.5954030008008089,0.7139154872183786,-1.2166018553280156,0.7639825286084583,0.05554456951958294,-1.222281041194737,-1.2199697559462626,0.8518927754532633,0.8485512043278834,-1.106464856141627,0.3730371181831742,0.39963830740184975,0.06624067292163432,-0.030013391833545417,-0.022624189287457835,-0.182661971322992,-0.17898107242080993,0.4782945003206158,0.07269020690376361,-1.9685517482083505,-0.6150713040430498,0.5560408994947328,0.5696026825139558,-0.5577571853400226,-0.5621759513917635,-1.338312608442362,0.19213133322502782,0.3016845384771872,0.22027987917336725,1.0323194237938267,-1.1435118881899242,-0.3836292111911918,0.05791853980785938,0.010500082475571363,-0.48994544857124445,0.6418398082618461,0.34128622878071563
29,0.7769863314830013,2.535042959912533,-1.5504734285379098,0.4372584972839814,-0.2034128369767984,0.32522021929729217,-1.133831733251987,-1.0237963400893155,1.6951642093381856,2.8138417960549327,-0.3134621697862036,1.7497908754875107,2.62471394357474,2.6304720917940343,0.19489802847077006,0.20793375524807614,0.22105778020962624,0.25243770434651447,-1.248082109865822,0.5256435409680353,0.1230311750094496,0.12076557423696024,0.35025869720918046,0.34897785496373457,-0.1151856995300025,-0.36226953091927455,-1.2946631607816184,0.3430485801300447,-0.6900750014197083,-0.722951342723675,0.30677038235868087,0.3077320811741883,2.1970516967512124,0.5088667162596243,-0.5067534780693937,-0.5208110975355797,-1.9180239560260854,2.048407304799229,1.7233733528656017,-0.2539691862588492,-0.30689826853014196,1.1791658333535775,-1.5230431178314752,-0.8384792664740157
30,0.3476381732704081,-0.538534873756576,0.8237847245476332,-1.0396750950721807,-0.8567616490701925,-0.8447480933385835,-0.7869860998746266,-0.7282123929252845,-0.039012502836516603,-0.273656962927381,-0.29566009616919947,-1.3297889910649896,-0.2748332145522806,-0.27710562248721204,-1.183867883194955,-1.1864272936242923,0.43483188347011087,-0.5873871510557586,0.72691540597431,-0.5579045303707927,-0.5206537910370085,-0.5433748334753733,-0.4527600237887987,-0.46407072803215554,0.09512969033753912,-0.21292848459135974,0.41228198223917645,0.4632767091366723,-0.408824937904809,-0.31759944761730163,0.38952233909706824,0.4214445849664915,-0.15325560947267608,-0.2862689834269676,-0.33380582937393277,-0.2600930522829313,-0.16892037821875192,0.05584181293168977,-0.5025063266344331,-0.2669923847520259,-0.3271608656542705,0.27967767732777704,0.05708656242099813,-0.52857449850001
31,-0.23957839989741161,-1.2047640271544684,-0.9192231853669832,-0.15300764988467597,-0.8035541208435613,-1.2713140778961456,0.3582924573346344,0.2909994114683215,0.013893993281431764,-0.8574306263535191,-0.9079891851785534,-1.3705704910659355,-1.1070561978466134,-1.1049674692414146,-1.126247287290967,-1.1284977156797258,0.2656038840342254,-1.9682104363540216,-0.26858295103561786,-0.42110172836164533,-1.9449466601210113,-1.942011726934721,-0.27907958261945437,-0.2786488502738518,-0.41935303898805104,-0.38513147755380817,1.2589205292453678,-0.056056876546563696,-0.6733698030698271,-0.7566749949083919,-0.045059508530477466,-0.05802504142530299,-0.8185750159512952,-2.3433993620781832,-0.34547850858815937,-0.9096797491032472,0.5993302668876523,-0.43388818118584377,-1.664941258141644,-0.3321341972159262,-0.1694046236188774,-0.5696525878822465,0.8030808567158598,0.35202394418655886
32,-1.072375515066096,-0.8268604038433012,2.294100840844163,-0.36925215459540955,-0.6171550010245268,-0.7017929334549065,-0.021654568513079724,0.01452030844343466,-2.4483887126031694,-1.034738230278744,-0.847837033112942,0.3715524012873286,-1.0963162784495548,-1.0933942262182443,0.9134274910658956,0.9117073042972859,-0.9478403574586107,0.7830465651052747,1.0342851360601835,-0.7875123924446675,0.31229234452181015,0.3052266450110037,-0.9318097553415938,-0.9342411355790716,-0.8930033254468537,-0.3983703916395512,-0.6567319459158237,0.6781595444902069,-0.5731616979640124,-0.642566803439081,0.6853200338115275,0.674510045645919,-1.4454543015435797,0.710748936849903,-0.4450867382328139,-0.9014349948743741,0.33686084782303977,-0.6821129792142892,-0.16936942876156977,-0.2880016590446553,-0.2619541284304627,0.3962043733851247,-0.3783157125274755,-0.3868968036327365
33,-0.640841005583237,1.1119174902770976,0.8251300218412622,1.0528608425364765,-0.027663167076219266,0.473325763272649,-0.08810482212927792,0.06543956829997515,-1.1936684962312503,1.311811239218316,2.717170045075479,1.9906285592050315,1.6192438381858925,1.6242235026073866,1.2881637020326786,1.3002808707164852,0.4504307219118368,0.2411199850369447,0.46018007318286236,1.2426866025288053,0.7239985800001433,0.7175787651979377,1.3258032877000852,1.3220166881520328,1.624499238349824,-0.19695194842326277,0.56001406492222,0.1779756258248924,-0.3753340004234861,-0.3460626007513665,0.12396681351490552,0.13647646136708563,1.0844243500428332,0.3133315301973931,-0.2895153171353712,-0.31201537355762105,-1.126968090637219,1.1653377242105278,0.9152557294932016,-0.11720878881493275,-0.27718783015016035,0.6738814209809477,-0.626465710829964,-0.6714412268403797
34,1.315692157562332,0.4225575249696006,-0.14686378838435515,-1.0989012734024908,-0.513888650258383,-0.36466001046355373,-1.2114287069825957,-1.170943943974627,-1.2329367703675307,0.7716492094264903,0.4567926120103253,-0.6160918726736049,0.5964372944362508,0.6029886660143403,-1.1193087869414386,-1.1120660840674208,-0.9461357089726812,-0.4063273657009147,-0.13164261981673575,0.22269855500593777,-0.02014754679327865,-0.03451390004316364,0.397130322532519,0.3891157478453315,-0.39049091970229344,-0.47652886272783274,1.990532349891608,0.540678813995042,-0.7553030463634408,-0.7911860837733832,0.5616946803343893,0.5634450867417895,0.8808730818232114,-0.2315838362072701,-0.6854808367334985,0.754654166249948,-0.8733494614345109,0.9529162188361099,-0.1484940986635163,-0.2608252867504024,-0.2810955759416566,0.39309157138632295,-0.28158908923439746,-0.45774921586825346
35,0.8066480738839287,-1.6290974771534064,2.049098348378982,-0.8012618868138687,-1.4227772106899548,-1.7795684561790452,-0.07375724702978807,-0.03761546851440157,-0.16496549149989,-1.501090611367322,0.915865789039435,-2.029601721584261,-1.7251814297638943,-1.7206113766005693,-1.292648362898284,-1.2953489438144934,0.24974628676825442,-1.0430180796422563,-0.5272000943926689,0.2610770337511044,-1.0014321061842275,-1.0113791003003763,0.2777869230532287,0.2711242871510533,1.0903667534029244,-0.6148215411408481,0.4781228206085961,0.6717417021206333,-1.0945159064503562,-1.1555465497133546,0.6926896934246373,0.6921370428009895,-1.7074389015606692,-1.1772609812249604,-0.913390600084036,-0.10751156168365371,0.7907868696968859,-1.1083856135892056,-1.3851040065172557,-0.4496342649610577,-0.3118149303987448,0.0160785985320755,0.22004256985268117,-0.20122658540808427
36,-0.02264791327593895,-1.4274341212371542,-0.9160603081630013,2.161460361068009,-0.9138601146930037,-1.1219543687659397,2.3318278072130534,2.4454001328391306,0.39417609810310567,-1.3780189195567492,1.2912099013777762,1.0408298382629864,-1.0594146095827561,-1.0586862849350618,2.5996549334746804,2.5943342080556917,0.154115350347484,-0.8421477348471863,-1.0034604426346585,1.4017836431297794,-0.5307569961530904,-0.5250791209274132,1.448740643852015,1.4515528792310721,-1.4176070516640074,-0.2769567278832487,1.5066671422134317,-0.9641586924038544,-0.6383812230975922,-0.5854466091637526,-0.9426602236799548,-0.9298542947531185,-1.4611777887081359,-0.9604741860351769,-0.2819477117883202,-0.8398937936659987,0.9073888188549346,-1.155538909925198,-1.4106058930387675,-0.2129725643815821,-0.2406826617971254,-0.4685240690718107,1.0708721240963535,-0.03389273931123652
37,0.6760772471143929,1.0182003458865139,-0.45254351333789017,-0.39076788515700084,-0.21269889638791076,0.11626810221341952,-0.9604455958841971,-0.8888019628324214,0.32847884879286976,1.229420368048348,1.6633043041084041,1.0499748723087168,1.4337123536883063,1.435738149827675,0.4249995129016839,0.43271243882724136,1.2551159282110287,0.09142245219871993,-1.7479278224215946,1.1115975019048534,0.2826295444618976,0.27652810080581713,1.0474550549489767,1.043656316684329,1.9382483714762582,0.033127433899229265,-1.2245948702460099,-1.7263550557192584,-0.26658797216187713,-0.1823408186670429,-1.697303636011097,-1.6899655330354215,1.149632945242355,0.30269368183932754,0.03672527530815258,0.3242137506646177,-1.0276325219332372,1.091265988315245,0.4636892236882548,-0.07315707223295043,-0.2876506596373376,0.4376789352729096,-0.1515517681690083,-0.6373321813357687
38,-2.9732200130663733,-0.42149251375818825,-1.4334602898946072,0.05768537307876892,-0.7573757226713764,-0.7908365739512879,-0.07201640510203625,-0.004293452457288698,2.9585013378440266,-0.31531590836748885,0.152419270500213,-0.10114932754289005,-0.5551591627508075,-0.5544981043149423,-0.26845125475121345,-0.2697300741596403,-2.5627708195889585,-0.41890441586716487,-0.497569571788213,0.5305525838557374,-0.29826551858003914,-0.30176381166628297,0.5244315789218529,0.5220126649320681,-3.1201573294643907,-0.2254332949190255,-1.3342690876907615,-1.581919397434082,-0.6233491755048405,-0.6954879435527044,-1.5276304901669537,-1.537931725868318,-0.5673746275863627,-0.7276917009397081,-0.33681815507244467,-0.8590334016973116,-0.046647595558655025,-0.003987907091806494,-0.3072588262459299,-0.2118248353493971,-0.1895926857123545,0.12777894126623038,-0.0779316493202295,-0.15951710889440154
39,-0.967209141307447,-0.9575007912206335,0.5063611056527548,-0.46676573653930764,-0.549515534628278,-0.6452203262191308,0.03422826756210777,0.060911715752905264,-1.0516593203794125,-1.1461837532868944,0.36028024648252566,-0.8420098296330457,-1.0716758879986243,-1.072272439612363,-0.04179438916152316,-0.04734490742465349,1.8483206663812235,0.8625924683644418,0.3705673507926856,0.5339355972693034,0.7893929424223564,0.8014860441810351,0.36377594366168103,0.37021643518383324,-0.2600627381439542,-0.386489045928839,-0.2947083968366022,0.10373945316802133,-0.4985138993799687,-0.5787239772548017,0.15374514065639225,0.1393231436872709,-1.444179132764731,0.6983032387946085,-0.45159788965656966,-0.9025414337535734,0.5201786643794724,-0.9253023811785254,0.20327590638702475,-0.38335099390274513,-0.21854045432317726,0.6516437782428567,-1.0391152944013569,-0.3077628615138411
